[{"model": "admin.logentry", "pk": 1, "fields": {"action_time": "2023-10-25T10:33:48.892Z", "user": 1, "content_type": 8, "object_id": "1", "object_repr": "Новости", "action_flag": 1, "change_message": "[{\"added\": {}}]"}}, {"model": "admin.logentry", "pk": 2, "fields": {"action_time": "2023-10-25T10:35:52.530Z", "user": 1, "content_type": 8, "object_id": "2", "object_repr": "Новости безопасности", "action_flag": 1, "change_message": "[{\"added\": {}}]"}}, {"model": "admin.logentry", "pk": 3, "fields": {"action_time": "2023-10-25T10:43:32.725Z", "user": 1, "content_type": 7, "object_id": "1", "object_repr": "Российские учреждения атакуют с целью кражи данных", "action_flag": 1, "change_message": "[{\"added\": {}}]"}}, {"model": "admin.logentry", "pk": 4, "fields": {"action_time": "2023-10-25T10:44:05.594Z", "user": 1, "content_type": 7, "object_id": "1", "object_repr": "Российские учреждения атакуют с целью кражи данных", "action_flag": 2, "change_message": "[{\"changed\": {\"fields\": [\"\\u041f\\u043e\\u043b\\u043d\\u043e\\u0435 \\u043e\\u043f\\u0438\\u0441\\u0430\\u043d\\u0438\\u0435\"]}}]"}}, {"model": "admin.logentry", "pk": 5, "fields": {"action_time": "2023-10-25T10:52:20.207Z", "user": 1, "content_type": 7, "object_id": "1", "object_repr": "Российские учреждения атакуют с целью кражи данных", "action_flag": 2, "change_message": "[{\"changed\": {\"fields\": [\"\\u041f\\u043e\\u043b\\u043d\\u043e\\u0435 \\u043e\\u043f\\u0438\\u0441\\u0430\\u043d\\u0438\\u0435\"]}}]"}}, {"model": "admin.logentry", "pk": 6, "fields": {"action_time": "2023-10-25T11:09:42.042Z", "user": 1, "content_type": 7, "object_id": "1", "object_repr": "Российские учреждения атакуют с целью кражи данных", "action_flag": 2, "change_message": "[{\"changed\": {\"fields\": [\"\\u041f\\u0440\\u0435\\u0432\\u044c\\u044e \\u043f\\u043e\\u0441\\u0442\\u0430\"]}}]"}}, {"model": "admin.logentry", "pk": 7, "fields": {"action_time": "2023-10-29T12:20:23.251Z", "user": 1, "content_type": 7, "object_id": "1", "object_repr": "Российские учреждения атакуют с целью кражи данных", "action_flag": 2, "change_message": "[{\"changed\": {\"fields\": [\"URL\"]}}]"}}, {"model": "admin.logentry", "pk": 8, "fields": {"action_time": "2023-10-29T12:40:50.186Z", "user": 1, "content_type": 7, "object_id": "2", "object_repr": "Cloudflare: гипробъемных DDoS-атак, использующих HTTP/2 Rapid Reset, стало больше", "action_flag": 1, "change_message": "[{\"added\": {}}]"}}, {"model": "admin.logentry", "pk": 9, "fields": {"action_time": "2023-10-29T14:08:39.997Z", "user": 1, "content_type": 7, "object_id": "3", "object_repr": "Исследователи связывают группировку YoroTrooper с Казахстаном", "action_flag": 1, "change_message": "[{\"added\": {}}]"}}, {"model": "admin.logentry", "pk": 10, "fields": {"action_time": "2023-10-29T14:49:30.371Z", "user": 1, "content_type": 4, "object_id": "2", "object_repr": "moder", "action_flag": 1, "change_message": "[{\"added\": {}}]"}}, {"model": "admin.logentry", "pk": 11, "fields": {"action_time": "2023-10-29T14:51:31.995Z", "user": 1, "content_type": 4, "object_id": "2", "object_repr": "moder", "action_flag": 2, "change_message": "[{\"changed\": {\"fields\": [\"Staff status\", \"User permissions\"]}}]"}}, {"model": "admin.logentry", "pk": 12, "fields": {"action_time": "2023-10-31T18:23:16.879Z", "user": 1, "content_type": 10, "object_id": "1", "object_repr": "codeid.ru", "action_flag": 2, "change_message": "[{\"changed\": {\"fields\": [\"Domain name\", \"Display name\"]}}]"}}, {"model": "admin.logentry", "pk": 13, "fields": {"action_time": "2023-10-31T18:48:44.792Z", "user": 1, "content_type": 7, "object_id": "3", "object_repr": "Исследователи связывают группировку YoroTrooper с Казахстаном", "action_flag": 3, "change_message": ""}}, {"model": "admin.logentry", "pk": 14, "fields": {"action_time": "2023-10-31T18:50:45.656Z", "user": 1, "content_type": 9, "object_id": "2", "object_repr": "admin", "action_flag": 1, "change_message": "[{\"added\": {}}]"}}, {"model": "admin.logentry", "pk": 15, "fields": {"action_time": "2023-11-03T22:08:50.353Z", "user": 1, "content_type": 11, "object_id": "1", "object_repr": "admin:Cool", "action_flag": 3, "change_message": ""}}, {"model": "admin.logentry", "pk": 16, "fields": {"action_time": "2023-11-03T22:45:30.733Z", "user": 1, "content_type": 7, "object_id": "4", "object_repr": "Side-channel атака iLeakage позволяет воровать конфиденциальные данные через Apple Safari", "action_flag": 2, "change_message": "[{\"changed\": {\"fields\": [\"Tags\"]}}]"}}, {"model": "admin.logentry", "pk": 17, "fields": {"action_time": "2023-11-03T22:54:00.787Z", "user": 1, "content_type": 7, "object_id": "5", "object_repr": "Вымогатели атакуют критическую уязвимость в Apache ActiveMQ", "action_flag": 1, "change_message": "[{\"added\": {}}]"}}, {"model": "admin.logentry", "pk": 18, "fields": {"action_time": "2023-11-03T22:55:24.077Z", "user": 1, "content_type": 8, "object_id": "3", "object_repr": "Кибератаки", "action_flag": 1, "change_message": "[{\"added\": {}}]"}}, {"model": "admin.logentry", "pk": 19, "fields": {"action_time": "2023-11-03T22:56:26.923Z", "user": 1, "content_type": 8, "object_id": "4", "object_repr": "Шпионаж", "action_flag": 1, "change_message": "[{\"added\": {}}]"}}, {"model": "admin.logentry", "pk": 20, "fields": {"action_time": "2023-11-03T22:57:02.564Z", "user": 1, "content_type": 8, "object_id": "5", "object_repr": "Криптовалюта", "action_flag": 1, "change_message": "[{\"added\": {}}]"}}, {"model": "admin.logentry", "pk": 21, "fields": {"action_time": "2023-11-03T22:57:54.061Z", "user": 1, "content_type": 8, "object_id": "6", "object_repr": "Уязвимости", "action_flag": 1, "change_message": "[{\"added\": {}}]"}}, {"model": "admin.logentry", "pk": 22, "fields": {"action_time": "2023-11-03T22:59:58.996Z", "user": 1, "content_type": 7, "object_id": "2", "object_repr": "Cloudflare: гипробъемных DDoS-атак, использующих HTTP/2 Rapid Reset, стало больше", "action_flag": 2, "change_message": "[{\"changed\": {\"fields\": [\"Tags\"]}}]"}}, {"model": "admin.logentry", "pk": 23, "fields": {"action_time": "2023-11-03T23:01:48.006Z", "user": 1, "content_type": 7, "object_id": "1", "object_repr": "Российские учреждения атакуют с целью кражи данных", "action_flag": 2, "change_message": "[{\"changed\": {\"fields\": [\"Slug\", \"Tags\"]}}]"}}, {"model": "auth.permission", "pk": 1, "fields": {"name": "Can add log entry", "content_type": 1, "codename": "add_logentry"}}, {"model": "auth.permission", "pk": 2, "fields": {"name": "Can change log entry", "content_type": 1, "codename": "change_logentry"}}, {"model": "auth.permission", "pk": 3, "fields": {"name": "Can delete log entry", "content_type": 1, "codename": "delete_logentry"}}, {"model": "auth.permission", "pk": 4, "fields": {"name": "Can view log entry", "content_type": 1, "codename": "view_logentry"}}, {"model": "auth.permission", "pk": 5, "fields": {"name": "Can add permission", "content_type": 2, "codename": "add_permission"}}, {"model": "auth.permission", "pk": 6, "fields": {"name": "Can change permission", "content_type": 2, "codename": "change_permission"}}, {"model": "auth.permission", "pk": 7, "fields": {"name": "Can delete permission", "content_type": 2, "codename": "delete_permission"}}, {"model": "auth.permission", "pk": 8, "fields": {"name": "Can view permission", "content_type": 2, "codename": "view_permission"}}, {"model": "auth.permission", "pk": 9, "fields": {"name": "Can add group", "content_type": 3, "codename": "add_group"}}, {"model": "auth.permission", "pk": 10, "fields": {"name": "Can change group", "content_type": 3, "codename": "change_group"}}, {"model": "auth.permission", "pk": 11, "fields": {"name": "Can delete group", "content_type": 3, "codename": "delete_group"}}, {"model": "auth.permission", "pk": 12, "fields": {"name": "Can view group", "content_type": 3, "codename": "view_group"}}, {"model": "auth.permission", "pk": 13, "fields": {"name": "Can add user", "content_type": 4, "codename": "add_user"}}, {"model": "auth.permission", "pk": 14, "fields": {"name": "Can change user", "content_type": 4, "codename": "change_user"}}, {"model": "auth.permission", "pk": 15, "fields": {"name": "Can delete user", "content_type": 4, "codename": "delete_user"}}, {"model": "auth.permission", "pk": 16, "fields": {"name": "Can view user", "content_type": 4, "codename": "view_user"}}, {"model": "auth.permission", "pk": 17, "fields": {"name": "Can add content type", "content_type": 5, "codename": "add_contenttype"}}, {"model": "auth.permission", "pk": 18, "fields": {"name": "Can change content type", "content_type": 5, "codename": "change_contenttype"}}, {"model": "auth.permission", "pk": 19, "fields": {"name": "Can delete content type", "content_type": 5, "codename": "delete_contenttype"}}, {"model": "auth.permission", "pk": 20, "fields": {"name": "Can view content type", "content_type": 5, "codename": "view_contenttype"}}, {"model": "auth.permission", "pk": 21, "fields": {"name": "Can add session", "content_type": 6, "codename": "add_session"}}, {"model": "auth.permission", "pk": 22, "fields": {"name": "Can change session", "content_type": 6, "codename": "change_session"}}, {"model": "auth.permission", "pk": 23, "fields": {"name": "Can delete session", "content_type": 6, "codename": "delete_session"}}, {"model": "auth.permission", "pk": 24, "fields": {"name": "Can view session", "content_type": 6, "codename": "view_session"}}, {"model": "auth.permission", "pk": 25, "fields": {"name": "Can add Статья", "content_type": 7, "codename": "add_article"}}, {"model": "auth.permission", "pk": 26, "fields": {"name": "Can change Статья", "content_type": 7, "codename": "change_article"}}, {"model": "auth.permission", "pk": 27, "fields": {"name": "Can delete Статья", "content_type": 7, "codename": "delete_article"}}, {"model": "auth.permission", "pk": 28, "fields": {"name": "Can view Статья", "content_type": 7, "codename": "view_article"}}, {"model": "auth.permission", "pk": 29, "fields": {"name": "Can add Категория", "content_type": 8, "codename": "add_category"}}, {"model": "auth.permission", "pk": 30, "fields": {"name": "Can change Категория", "content_type": 8, "codename": "change_category"}}, {"model": "auth.permission", "pk": 31, "fields": {"name": "Can delete Категория", "content_type": 8, "codename": "delete_category"}}, {"model": "auth.permission", "pk": 32, "fields": {"name": "Can view Категория", "content_type": 8, "codename": "view_category"}}, {"model": "auth.permission", "pk": 33, "fields": {"name": "Can add Профиль", "content_type": 9, "codename": "add_profile"}}, {"model": "auth.permission", "pk": 34, "fields": {"name": "Can change Профиль", "content_type": 9, "codename": "change_profile"}}, {"model": "auth.permission", "pk": 35, "fields": {"name": "Can delete Профиль", "content_type": 9, "codename": "delete_profile"}}, {"model": "auth.permission", "pk": 36, "fields": {"name": "Can view Профиль", "content_type": 9, "codename": "view_profile"}}, {"model": "auth.permission", "pk": 37, "fields": {"name": "Can add site", "content_type": 10, "codename": "add_site"}}, {"model": "auth.permission", "pk": 38, "fields": {"name": "Can change site", "content_type": 10, "codename": "change_site"}}, {"model": "auth.permission", "pk": 39, "fields": {"name": "Can delete site", "content_type": 10, "codename": "delete_site"}}, {"model": "auth.permission", "pk": 40, "fields": {"name": "Can view site", "content_type": 10, "codename": "view_site"}}, {"model": "auth.permission", "pk": 41, "fields": {"name": "Can add Комментарий", "content_type": 11, "codename": "add_comment"}}, {"model": "auth.permission", "pk": 42, "fields": {"name": "Can change Комментарий", "content_type": 11, "codename": "change_comment"}}, {"model": "auth.permission", "pk": 43, "fields": {"name": "Can delete Комментарий", "content_type": 11, "codename": "delete_comment"}}, {"model": "auth.permission", "pk": 44, "fields": {"name": "Can view Комментарий", "content_type": 11, "codename": "view_comment"}}, {"model": "auth.permission", "pk": 45, "fields": {"name": "Can add Обратная связь", "content_type": 12, "codename": "add_feedback"}}, {"model": "auth.permission", "pk": 46, "fields": {"name": "Can change Обратная связь", "content_type": 12, "codename": "change_feedback"}}, {"model": "auth.permission", "pk": 47, "fields": {"name": "Can delete Обратная связь", "content_type": 12, "codename": "delete_feedback"}}, {"model": "auth.permission", "pk": 48, "fields": {"name": "Can view Обратная связь", "content_type": 12, "codename": "view_feedback"}}, {"model": "auth.permission", "pk": 49, "fields": {"name": "Can add tag", "content_type": 13, "codename": "add_tag"}}, {"model": "auth.permission", "pk": 50, "fields": {"name": "Can change tag", "content_type": 13, "codename": "change_tag"}}, {"model": "auth.permission", "pk": 51, "fields": {"name": "Can delete tag", "content_type": 13, "codename": "delete_tag"}}, {"model": "auth.permission", "pk": 52, "fields": {"name": "Can view tag", "content_type": 13, "codename": "view_tag"}}, {"model": "auth.permission", "pk": 53, "fields": {"name": "Can add tagged item", "content_type": 14, "codename": "add_taggeditem"}}, {"model": "auth.permission", "pk": 54, "fields": {"name": "Can change tagged item", "content_type": 14, "codename": "change_taggeditem"}}, {"model": "auth.permission", "pk": 55, "fields": {"name": "Can delete tagged item", "content_type": 14, "codename": "delete_taggeditem"}}, {"model": "auth.permission", "pk": 56, "fields": {"name": "Can view tagged item", "content_type": 14, "codename": "view_taggeditem"}}, {"model": "auth.user", "pk": 1, "fields": {"password": "pbkdf2_sha256$600000$8JL5PGSZexDaQ9oGDMakyk$AtImsuTIInBHKvzX7RIwJqjzDFGyeoJqxGy5mIFtEFU=", "last_login": "2023-11-03T22:39:08.076Z", "is_superuser": true, "username": "admin", "first_name": "", "last_name": "", "email": "", "is_staff": true, "is_active": true, "date_joined": "2023-10-25T10:31:43.582Z", "groups": [], "user_permissions": []}}, {"model": "auth.user", "pk": 2, "fields": {"password": "pbkdf2_sha256$600000$CbTAqNLlqCVVJ2Hyp0igTU$VjjpfwvCOXEzBWqQdSfpZ5kRFapIYrh/ecy1kpNUJPQ=", "last_login": null, "is_superuser": false, "username": "moder", "first_name": "", "last_name": "", "email": "", "is_staff": true, "is_active": true, "date_joined": "2023-10-29T14:49:27Z", "groups": [], "user_permissions": [25, 26, 27, 28, 29, 30, 31, 32]}}, {"model": "sites.site", "pk": 1, "fields": {"domain": "codeid.ru", "name": "codeid.ru"}}, {"model": "sessions.session", "pk": "sh2wfu6bkveaqs4eyfy98xz9u3d93qve", "fields": {"session_data": ".eJxVjDsOwjAQBe_iGlneJP5R0nMGa9dr4wCypTipEHeHSCmgfTPzXiLgtpaw9bSEmcVZgDj9boTxkeoO-I711mRsdV1mkrsiD9rltXF6Xg7376BgL9-apmiVG72xpJGyg4gmKw0ZkkeDlID9wHacFLCybNgbIgTjBqejBy3eH-s9N9E:1qz2om:EZjuMthwy5hG_TB_OxPiF-aKVHw3_E6KXjLe0LwGPGA", "expire_date": "2023-11-17T22:39:08.190Z"}}, {"model": "sessions.session", "pk": "vr7rjb38js07wbpaavxw94jz387zf8s1", "fields": {"session_data": "e30:1qxA7n:eGoT69hZmks6q1kGK2x0n4EreaVNKeZzH61kS-fR1Z0", "expire_date": "2023-11-12T18:02:59.116Z"}}, {"model": "sessions.session", "pk": "w7c0tvzwwclldsxy3i0ji8nbmrmxtu55", "fields": {"session_data": "e30:1qxA37:3V_F0X5HnQ4_DFpioFrTOwzUsxBTo-omvvCSU5Hr6cU", "expire_date": "2023-11-12T17:58:09.808Z"}}, {"model": "blog.category", "pk": 1, "fields": {"title": "Новости", "slug": "novosti", "description": "Актуальные новости", "parent": null, "lft": 1, "rght": 12, "tree_id": 1, "level": 0}}, {"model": "blog.category", "pk": 2, "fields": {"title": "Новости безопасности", "slug": "novosti-bezopasnosti", "description": "Актуальные новости из области кибербезопастности", "parent": 1, "lft": 6, "rght": 7, "tree_id": 1, "level": 1}}, {"model": "blog.category", "pk": 3, "fields": {"title": "Кибератаки", "slug": "kiberataki", "description": "Кибератаки", "parent": 1, "lft": 2, "rght": 3, "tree_id": 1, "level": 1}}, {"model": "blog.category", "pk": 4, "fields": {"title": "Шпионаж", "slug": "shpionazh", "description": "Шпионаж", "parent": 1, "lft": 10, "rght": 11, "tree_id": 1, "level": 1}}, {"model": "blog.category", "pk": 5, "fields": {"title": "Криптовалюта", "slug": "kriptovalyuta", "description": "Криптовалюта", "parent": 1, "lft": 4, "rght": 5, "tree_id": 1, "level": 1}}, {"model": "blog.category", "pk": 6, "fields": {"title": "Уязвимости", "slug": "uyazvimosti", "description": "Уязвимости", "parent": 1, "lft": 8, "rght": 9, "tree_id": 1, "level": 1}}, {"model": "blog.article", "pk": 1, "fields": {"title": "Российские учреждения атакуют с целью кражи данных", "slug": "rossijskie-uchrezhdeniya-atakuyut-s-tselyu-krazhi-dannyih", "short_description": "Аналитики «Лаборатории Касперского» предупредили, что злоумышленники используют фишинговые письма, чтобы затем похищать данн…", "full_description": "Аналитики «Лаборатории Касперского» предупредили, что злоумышленники используют фишинговые письма, чтобы затем похищать данные организаций с помощью нового бэкдора. Эти массовые вредоносные рассылки затронули десятки российских учреждений из государственного и индустриального сектора.\r\n\r\n\r\nОбщая схема атаки\r\nВредоносные письма были написаны от лица регулятора и содержали вложенные вредоносные архивы (например, finansovyy_kontrol_2023_180529.rar). Из архива запускался вредоносный скрипт, который с помощью нескольких модулей пытался украсть данные с зараженного устройства: делал скриншоты, воровал документы, пароли из браузеров, информацию из буфера обмена.\r\n\r\nСообщается, что массовые рассылки начались в июне 2023 года. Если жертва открывала вредоносный архив из письма, на устройстве автоматически запускался скрипт [NSIS].nsi, который открывал подложный документ PDF, чтобы отвлечь внимание жертвы. Одновременно с этим скрипт запускал в скрытом окне загрузку и установку бэкдора, который он получал с сайта, название которого имитировало сайт официального ведомства — hxxps://fas-gov-ru[.]com/?e&n=zr6tjbinjvef86.\r\n\r\nПосле запуска малварь проверяла доступ в интернет и пыталась подключиться к легитимным сайтам зарубежных СМИ, пока эти ресурсы не вернут в ответ HTTP-код 200. Затем вредонос проверял зараженное устройство на наличие ПО и инструментов, которые могли бы обнаружить его присутствие (например, песочниц или виртуальных сред). В случае наличия хотя бы одной из них, бэкдор прекращал свою активность.\r\n\r\n\r\n\r\nКогда все проверки были пройдены, вредонос подключался к серверу атакующих и загружал оттуда модули, которые позволяли ему воровать информацию из буфера обмена, делать снимки экрана, находить пользовательские документы в популярных расширениях (например, doc, .docx, .pdf, .xls, .xlsx) и так далее. В итоге все собранные данные передавались на управляющий сервер хакеров.\r\n\r\nНовая версия этого бэкдора была замечена в середине августа 2023 года года. Используемая злоумышленниками цепочка заражения не изменилась, равно как и вредоносный скрипт-загрузчик. Однако злоумышленники убрали проверку доступа в интернет через обращение к легитимным сайтам СМИ (теперь малварь сразу же подключается к серверу управления). Также в арсенале малвари появился модуль, который позволяет похищать пароли из популярных браузеров. Помимо этого, увеличилось количество проверок на наличие инструментов, способных обнаружить вредоносную активность.\r\n\r\n«Фишинговые письма — один из популярных способов проникновения злоумышленников в инфраструктуру. Атакующие, как в данном случае, стремятся использовать правдоподобные легенды, легитимные документы и применять все более сложные тактики для скрытия своей деятельности. Так, исполнение вредоносного кода с помощью .nsi скрипта усложняет анализ вредоносной активности. Кроме того, мы отмечаем, что атакующие постоянно ищут новые изощренные способы обойти защитные решения. Важно оставаться настороже и обращать внимание на любые подозрительные детали даже в деловых переписках», — комментирует Тимофей Ежов, эксперт по кибербезопасности «Лаборатории Касперского».", "thumbnail": "images/thumbnails/2023/10/25/Emails-384x220.jpg", "status": "published", "time_create": "2023-10-25T10:43:32.721Z", "time_update": "2023-11-03T23:01:45.659Z", "author": 1, "updater": null, "fixed": false, "category": 2}}, {"model": "blog.article", "pk": 2, "fields": {"title": "Cloudflare: гипробъемных DDoS-атак, использующих HTTP/2 Rapid Reset, стало больше", "slug": "cloudflare-giprobemnyh-ddos-atak-ispolzuyushih-http2-rapid-reset-stalo-bolshe", "short_description": "Представители компании Cloudflare заявили, что в третьем квартале 2023 года они отразили тысячи гиперобъемных DDoS-атак, в к…", "full_description": "Представители компании Cloudflare заявили, что в третьем квартале 2023 года отразили тысячи гиперобъемных DDoS-атак, в которых использовалась недавно обнаруженная уязвимость HTTP/2 Rapid Reset. Мощность 89 из этих атак превысила 100 млн запросов в секунду (Requests per second, RPS).\r\n\r\n\r\n\r\nВ своем отчете компания сообщила, что самая крупная атака этого квартала достигла пиковой мощности в 201 млн запросов в секунду, что в три раза превышает предыдущий рекорд, установленный в феврале 2023 года.\r\n\r\nНапомним, что о проблеме HTTP/2 Rapid Reset стало известно ранее в этом месяце. Тогда исследователи обнаружили 0-day уязвимость, связанную с важной особенностью протокола HTTP/2 — мультиплексированием запросов в одном TCP-соединении, что реализовано в виде параллельных потоков.\r\n\r\nОказалось, что злоумышленники используют эту уязвимость для DDoS-атак с августа текущего года. Ранее сообщалось, что благодаря этому багу в протоколе HTTP/2, мощность атак, направленных на облачную инфраструктуру Google, достигла 398 млн запросов в секунду (requests per second, RPS), а атаки направленные на AWS и Cloudflare, превысили 155 млн и 201 млн запросов в секунду.\r\n\r\nВ целом Cloudflare сообщает об увеличении совокупного объема HTTP-трафика DDoS-атак на 65% за последний квартал и увеличении количества DDoS-атак L3/L4 на 14%.\r\n\r\n\r\n\r\nМишенями для HTTP-DDoS’а в этом квартале в основном становились игровые и игорные компании, за ними следуют ИТ-компании и интернет-сервисы, криптовалютные фирмы, разработчики софта и телекомы.\r\n\r\n\r\n\r\n \r\n\r\nПри этом application-layer DDoS в основном был нацелен на горнодобывающие компании, некоммерческие организации, фармацевтические компании и правительственные учреждения в США.\r\n\r\nВ целом 5% от общего количества HTTP DDoS-трафика было направлено организациям в США, более 3,1% досталось компаниями в Сингапуре, а на третьем месте оказался Китай с 2,2%.\r\n\r\n\r\n\r\nЕсть в отчете Cloudflare и хорошие новости: сообщается, что количество вымогательских DDoS-атак снижается второй квартал подряд. По словам исследователей, «злоумышленники осознали, что организации не будут им платить».", "thumbnail": "images/thumbnails/2023/10/29/DDoS-384x220.jpg", "status": "published", "time_create": "2023-10-29T12:40:50.181Z", "time_update": "2023-11-03T22:59:58.945Z", "author": 1, "updater": null, "fixed": false, "category": 2}}, {"model": "blog.article", "pk": 4, "fields": {"title": "Side-channel атака iLeakage позволяет воровать конфиденциальные данные через Apple Safari", "slug": "side-channel-ataka-ileakage-pozvolyaet-vorovat-konfidentsialnyie-dannyie-cherez-apple-safari", "short_description": "Группа ученых разработала спекулятивную side-channel атаку iLeakage, которая работает против устройств Apple и позволяет изв…", "full_description": "Группа ученых разработала спекулятивную side-channel атаку iLeakage, которая работает против устройств Apple и позволяет извлекать конфиденциальную информацию из браузера Safari, включая пароли и содержимое вкладок.\r\n\r\nСпециалисты из Технологического университета Джорджии, Мичиганского университета и Рурского университета в Бохуме рассказывают, что iLeakage работает против любых современных устройств Apple с процессорами серий A и M. Исследователи говорят, что с помощью этой атаки можно извлечь данные из Safari, а также Firefox, Tor и Edge для iOS практически с «идеальной точностью».\r\n\r\nУченые уверяют, что iLeakage — это не просто концепт, и атака может использоваться в реальности. Для этого достаточно заманить пользователя на вредоносную веб-страницу, а затем восстановить данные из их других вкладок, отрытых в его браузере Safari.\r\n\r\nПо сути, iLeakage представляет собой timerless-версию нашумевшей проблемы Spectre и обходит защиту от side-channel атак, давно реализованную всеми производителями браузеров. Так, изучая устойчивость Safari к таким атакам, специалисты сумели обойти существующие контрмеры и реализовать не зависящий архитектуры timerless-метод атаки, связанный с состоянием гонки.\r\n\r\n\r\n\r\nВ основном усилия ученых были сосредоточены на считывании конфиденциальной информации из Safari, и им удалось похитить данные, создав примитив, способный спекулятивно прочитать и слить любой 64-битный указатель в адресном пространстве, используемом браузером Apple для процесса рендеринга.\r\n\r\nДля этого потребовалось обойти защиту от side-channel атак, реализованную Apple в браузере, включая, low-resolution таймер, сжатие 35-битной адресации и так далее. Также исследователи обошли политику изоляции сайтов в Safari, которая разделяет сайты на разные адресные пространства на основе доменов верхнего уровня и субдоменов.\r\n\r\nЭксперты применили новую технику, использующую API JavaScript window.open, которая позволяет атакующей странице использовать одно и то же адресное пространство с произвольными страницами-жертвами.\r\n\r\nИспользуя спекулятивную атаку типа type confusion для обхода защитных мер Apple, исследователи смогли добиться утечки конфиденциальных данных с целевой страницы, включая пароли и электронные письма гипотетической жертвы.\r\n\r\nPoC-эксплоит для этой атаки выполнен на JavaScript и WebAssembly.\r\n\r\nВ ролике ниже показано, как с помощью iLeakage исследователи извлекают сообщения из Gmail в Safari на iPad. Основное условие для осуществления такой атаки — взаимодействие пользователя со страницей злоумышленника.\r\n\r\n\r\n\r\nТакже исследователи применили тот же подход и показали получение пароля от тестовой учетной записи в Instagram*, который был автоматически заполнен в Safari с помощью LastPass, однако в настоящее время это демонстрационное видео недоступно.\r\n\r\nВ другом эксперименте ученые продемонстрировали, как iLeakage работает против Chrome для iOS, и смогли извлечь историю просмотров жертвы YouTube.\r\n\r\nЭксперты объясняют, что, по сути, правила Apple требуют, чтобы все сторонние браузеры для iOS были оверлеями для Safari и использовали JavaScript-движок собственного браузера Apple.\r\n\r\n\r\n\r\niLeakage затрагивает все устройства Apple, выпущенные после 2020 года и работающие на ARM-процессорах Apple серий A и M. Атака практически не обнаруживается и не оставляет следов в системе жертвы, за исключением записи о посещении веб-страницы злоумышленника в кэше браузера.\r\n\r\nТем не менее, исследователи подчеркивают, что атака сложна в реализации «и требует глубоких познаний о браузерных side-channel атаках и имплементации Safari».\r\n\r\n\r\nРезультаты тестов на различных устройствах Apple\r\nВ исследовательской работе подчеркивается, что ученые сообщили Apple о проблеме еще 12 сентября 2022 года, однако компания приняла решение не выпускать исправлений. Вместо этого  были предложен следующий метод защиты для macOS:\r\n\r\nнужно открыть терминал и выполнить команду defaults write com.apple.Safari IncludeInternalDebugMenu 1, чтобы включить скрытое меню отладки Safari;\r\nоткрыть Safari и перейти в новое меню Debug;\r\nвыбрать пункт WebKit Internal Features;\r\nактивировать функцию Swap Processes on Cross-Site Window Open.\r\n\r\n\r\nПри этом исследователи подчеркивают, что этот способ работает только для macOS, не включен по умолчанию и в настоящее время считается нестабильным.", "thumbnail": "images/thumbnails/2023/10/29/iLeakage-384x220.jpg", "status": "published", "time_create": "2023-10-29T15:35:18.787Z", "time_update": "2023-11-03T22:45:30.622Z", "author": 1, "updater": 1, "fixed": false, "category": 2}}, {"model": "blog.article", "pk": 5, "fields": {"title": "Вымогатели атакуют критическую уязвимость в Apache ActiveMQ", "slug": "vymogateli-atakuyut-kriticheskuyu-uyazvimost-v-apache-activemq", "short_description": "Недавно исследователи предупредили, что более 3000 тысяч серверов Apache ActiveMQ, доступных через интернет, уязвимы перед с…", "full_description": "Недавно исследователи предупредили, что более 3000 тысяч серверов Apache ActiveMQ, доступных через интернет, уязвимы перед свежей критической RCE-уязвимостью (CVE-2023-46604). В настоящее время баг уже подвергается атакам. Например, эксплуатировать проблему пытаются операторы шифровальщика HelloKitty.\r\n\r\nApache ActiveMQ представляет собой масштабируемый брокер сообщений с открытым исходным кодом, который весьма популярен в корпоративных средах, так как поддерживает разнообразные безопасные механизмы аутентификации и авторизации.\r\n\r\nУязвимость CVE-2023-46604, получила статус критической и оценивается в 10 баллов из 10 возможных по шкале CVSS. Баг позволяет злоумышленникам выполнять произвольные шелл-команды, используя сериализованные типы классов в протоколе OpenWire.\r\n\r\nСогласно сообщению Apache, проблема затрагивает следующие версии Apache Active MQ и Legacy OpenWire Module:\r\n\r\nверсии 5.18.x до 5.18.3;\r\nверсии 5.17.x до 5.17.6;\r\nверсии 5.16.x до 5.16.7;\r\nвсе версии до 5.15.16.\r\nИсправления уже доступны: уязвимость устранена с релизом версий 5.15.16, 5.16.7, 5.17.6 и 5.18.3.\r\n\r\nКогда стало известно об этой проблеме, эксперты ShadowServer предупреждали, что в сети можно обнаружить 7249 серверов ActiveMQ. При этом 3329 из них уязвимы перед CVE-2023-46604 и удаленным выполнением кода.\r\n\r\nПо данным аналитиков, большинство уязвимых установок (1400) расположены в Китае. США занимают второе место с 530 установками, Германия — третье с 153, а Индия, Нидерланды, Россия, Франция и Южная Корея насчитывают по 100 серверов каждая.\r\n\r\n\r\n\r\nКак стало известно на этой неделе, CVE-2023-46604 уже подвергается атакам злоумышленников. Так, компания Rapid7 сообщила, что зафиксировала как минимум два случая эксплуатации CVE-2023-46604 в клиентских средах, с целью развертывания шифровальщика HelloKitty и вымогательства денег у пострадавших организаций. Подчеркивается, что в затронутых клиентских средах использовались устаревшие версии Apache ActiveMQ.\r\n\r\nСтоит отметить, что исходный код HelloKitty  недавно был опубликован на русскоязычном хак-форуме, то есть теперь он доступен всем желающим.\r\n\r\nАтаки, которые обнаружила Rapid7, начались 27 октября, через два дня после того, как Apache выпустила бюллетень безопасности и патчи.\r\n\r\nЭксперты проанализировали два MSI-файла, замаскированных под PNG-изображения, полученные с подозрительного домена, и обнаружили, что те содержат исполняемый файл .NET, который загружает закодированную в base64 библиотеку .NET DLL под названием EncDLL. Эта библиотека отвечает за поиск и остановку определенных процессов, шифрование файлов с помощью RSACryptoServiceProvider и добавление к ним расширения «.locked».\r\n\r\nПри этом исследователи оценили попытки внедрения малвари в системы жертв как «неуклюжие». Дело в том, что атаки совершал явно неквалифицированный человек, в одном из случаев предпринявший почти десяток попыток зашифровать файлы, но все они оказались безуспешными.", "thumbnail": "images/thumbnails/2023/11/04/Apache-ActiveMQ.jpg", "status": "published", "time_create": "2023-11-03T22:54:00.714Z", "time_update": "2023-11-03T22:54:00.714Z", "author": 1, "updater": null, "fixed": false, "category": 2}}, {"model": "system.profile", "pk": 1, "fields": {"user": 2, "slug": "moder", "avatar": "images/avatars/default.jpg", "bio": "", "birth_date": null}}, {"model": "system.profile", "pk": 2, "fields": {"user": 1, "slug": "admin", "avatar": "images/avatars/2023/10/31/unnamed.jpg", "bio": "", "birth_date": null}}, {"model": "taggit.tag", "pk": 1, "fields": {"name": "Leakage", "slug": "leakage"}}, {"model": "taggit.tag", "pk": 2, "fields": {"name": "iOS", "slug": "ios"}}, {"model": "taggit.tag", "pk": 3, "fields": {"name": "attack", "slug": "attack"}}, {"model": "taggit.tag", "pk": 4, "fields": {"name": "Applei", "slug": "applei"}}, {"model": "taggit.tag", "pk": 5, "fields": {"name": "macOS", "slug": "macos"}}, {"model": "taggit.tag", "pk": 6, "fields": {"name": "Side-channel", "slug": "side-channel"}}, {"model": "taggit.tag", "pk": 7, "fields": {"name": "Safari", "slug": "safari"}}, {"model": "taggit.tag", "pk": 8, "fields": {"name": "Новости", "slug": "новости"}}, {"model": "taggit.tag", "pk": 9, "fields": {"name": "Кибератаки", "slug": "кибератаки"}}, {"model": "taggit.tag", "pk": 10, "fields": {"name": "Apache", "slug": "apache"}}, {"model": "taggit.tag", "pk": 11, "fields": {"name": "HelloKitty", "slug": "hellokitty"}}, {"model": "taggit.tag", "pk": 12, "fields": {"name": "Патчи", "slug": "патчи"}}, {"model": "taggit.tag", "pk": 13, "fields": {"name": "RCE", "slug": "rce"}}, {"model": "taggit.tag", "pk": 14, "fields": {"name": "Apache ActiveMQ", "slug": "apache-activemq"}}, {"model": "taggit.tag", "pk": 15, "fields": {"name": "Уязвимости", "slug": "уязвимости"}}, {"model": "taggit.tag", "pk": 16, "fields": {"name": "Взлом", "slug": "взлом"}}, {"model": "taggit.tag", "pk": 17, "fields": {"name": "HTTP/2 Rapid Reset", "slug": "http2-rapid-reset"}}, {"model": "taggit.tag", "pk": 18, "fields": {"name": "DDoS", "slug": "ddos"}}, {"model": "taggit.tag", "pk": 19, "fields": {"name": "Аналитика и цифры", "slug": "аналитика-и-цифры"}}, {"model": "taggit.tag", "pk": 20, "fields": {"name": "статистика", "slug": "статистика"}}, {"model": "taggit.tag", "pk": 21, "fields": {"name": "Утечка информации", "slug": "утечка-информации"}}, {"model": "taggit.tag", "pk": 22, "fields": {"name": "фишинг", "slug": "фишинг"}}, {"model": "taggit.tag", "pk": 23, "fields": {"name": "Россия", "slug": "россия"}}, {"model": "taggit.tag", "pk": 24, "fields": {"name": "Malware", "slug": "malware"}}, {"model": "taggit.taggeditem", "pk": 1, "fields": {"tag": 1, "content_type": 7, "object_id": 4}}, {"model": "taggit.taggeditem", "pk": 2, "fields": {"tag": 2, "content_type": 7, "object_id": 4}}, {"model": "taggit.taggeditem", "pk": 3, "fields": {"tag": 3, "content_type": 7, "object_id": 4}}, {"model": "taggit.taggeditem", "pk": 4, "fields": {"tag": 4, "content_type": 7, "object_id": 4}}, {"model": "taggit.taggeditem", "pk": 5, "fields": {"tag": 5, "content_type": 7, "object_id": 4}}, {"model": "taggit.taggeditem", "pk": 6, "fields": {"tag": 6, "content_type": 7, "object_id": 4}}, {"model": "taggit.taggeditem", "pk": 7, "fields": {"tag": 7, "content_type": 7, "object_id": 4}}, {"model": "taggit.taggeditem", "pk": 8, "fields": {"tag": 8, "content_type": 7, "object_id": 4}}, {"model": "taggit.taggeditem", "pk": 9, "fields": {"tag": 8, "content_type": 7, "object_id": 5}}, {"model": "taggit.taggeditem", "pk": 10, "fields": {"tag": 9, "content_type": 7, "object_id": 5}}, {"model": "taggit.taggeditem", "pk": 11, "fields": {"tag": 10, "content_type": 7, "object_id": 5}}, {"model": "taggit.taggeditem", "pk": 12, "fields": {"tag": 11, "content_type": 7, "object_id": 5}}, {"model": "taggit.taggeditem", "pk": 13, "fields": {"tag": 12, "content_type": 7, "object_id": 5}}, {"model": "taggit.taggeditem", "pk": 14, "fields": {"tag": 13, "content_type": 7, "object_id": 5}}, {"model": "taggit.taggeditem", "pk": 15, "fields": {"tag": 14, "content_type": 7, "object_id": 5}}, {"model": "taggit.taggeditem", "pk": 16, "fields": {"tag": 15, "content_type": 7, "object_id": 5}}, {"model": "taggit.taggeditem", "pk": 17, "fields": {"tag": 16, "content_type": 7, "object_id": 5}}, {"model": "taggit.taggeditem", "pk": 18, "fields": {"tag": 8, "content_type": 7, "object_id": 2}}, {"model": "taggit.taggeditem", "pk": 19, "fields": {"tag": 9, "content_type": 7, "object_id": 2}}, {"model": "taggit.taggeditem", "pk": 20, "fields": {"tag": 17, "content_type": 7, "object_id": 2}}, {"model": "taggit.taggeditem", "pk": 21, "fields": {"tag": 18, "content_type": 7, "object_id": 2}}, {"model": "taggit.taggeditem", "pk": 22, "fields": {"tag": 19, "content_type": 7, "object_id": 2}}, {"model": "taggit.taggeditem", "pk": 23, "fields": {"tag": 20, "content_type": 7, "object_id": 2}}, {"model": "taggit.taggeditem", "pk": 24, "fields": {"tag": 8, "content_type": 7, "object_id": 1}}, {"model": "taggit.taggeditem", "pk": 25, "fields": {"tag": 9, "content_type": 7, "object_id": 1}}, {"model": "taggit.taggeditem", "pk": 26, "fields": {"tag": 16, "content_type": 7, "object_id": 1}}, {"model": "taggit.taggeditem", "pk": 27, "fields": {"tag": 21, "content_type": 7, "object_id": 1}}, {"model": "taggit.taggeditem", "pk": 28, "fields": {"tag": 22, "content_type": 7, "object_id": 1}}, {"model": "taggit.taggeditem", "pk": 29, "fields": {"tag": 23, "content_type": 7, "object_id": 1}}, {"model": "taggit.taggeditem", "pk": 30, "fields": {"tag": 24, "content_type": 7, "object_id": 1}}]